{"current": 0.7, "mean": 2.2629213483146065, "three_min": 0.8000000000000039, "five_min": 1.0800000000000014, "ten_min": 1.05}