{"current": 3.6, "mean": 3.2774193548387096, "three_min": 2.666666666666668, "five_min": 2.460000000000001, "ten_min": 2.410000000000001}