{"current": 3.1, "mean": 4.88, "three_min": 3.5000000000000013, "five_min": 4.060000000000001, "ten_min": 4.880000000000001}