{"pl_unreal": 34.20903000000001, "pl_real": 44.08506, "last_ex": 3945.46, "max_ex": 3945.46}